Class,Time,V1,V2,V3,V4,V5,V6,V7,V8,V9,V10,V11,V12,V13,V14,V15,V16,V17,V18,V19,V20,V21,V22,V23,V24,V25,V26,V27,V28,Amount,Time_hour,V29,V30
0,5988.8881,-0.23668311149219998,0.2689535231257532,0.9343389435438001,0.2469129817814,-0.0421878557859,0.1426859156409,-0.057405396919760814,-0.06884215846854301,0.8166516698751,-0.20029325349393012,0.7453203408869,-1.2422169891877,0.8565024972311781,0.7412457088413,-0.1316155353135,0.008169822747017965,0.34572980524979996,-0.009996404150049333,-0.0712809443167,0.026483754806097055,-0.055249674449300006,-0.15315447259780002,-0.032777582140016075,0.0230907129303,0.08735839264453339,0.1070073108156,0.003614586084881487,0.001535302181810935,63.165704000000005,1.2593,-3505.614432231094,-0.7773214734567873
1,80746.80691056911,-4.771948441388211,3.6237781019126016,-7.033281048536585,4.542029104436992,-3.1512248859247967,-1.3977367106036584,-5.568731083737806,0.57063589537648,-2.5811229217012195,-5.676882870252032,3.800172911390244,-6.2593930361341465,-0.10933381708130083,-6.971722894172764,-0.09292874691463415,-4.139945699101626,-6.665836399445122,-2.246308133963415,0.6806593035040651,0.37231939575203254,0.7135883526768292,0.014048882130081309,-0.04030796593292684,-0.10513030540243903,0.04144888721544715,0.05164812557520325,0.1705747922398374,0.07566729064634146,122.21132113821139,11.646341463414634,71252.32585835556,15.79921694017871
