Class,Time,V1,V2,V3,V4,V5,V6,V7,V8,V9,V10,V11,V12,V13,V14,V15,V16,V17,V18,V19,V20,V21,V22,V23,V24,V25,V26,V27,V28,Amount,Time_hour,V29,V30
0,20254871.145692933,2.297851243345282,1.6506891197526263,1.093347503122322,1.9581100367770403,1.3767754363958107,1.6917065251501013,1.0606309377656669,1.5726670433160717,1.2874973957567821,1.0104954129491073,1.2154176420904839,1.985225548365619,1.4745606049948194,1.0463346812438672,0.9537913676547144,0.6508434176866522,0.640309402987707,0.596523050266972,0.6479333497276542,0.34607376216892777,0.8323631130710487,0.3990060966622163,0.23709887886315448,0.3530295036191934,0.17871338302157483,0.31701206136033344,0.16417025039102973,0.06995169727840382,33776.37598974327,1.6226257725772548,20254850.77960359,33796.74207922905
1,2288222157.8546996,46.01840600602946,18.414531548761744,50.565429146374704,8.255954535917644,28.863412569824874,3.4526232601539903,51.93757463405203,46.2105013590374,6.2544786573929265,23.983948934281035,7.1749221879153255,21.66398386151842,1.219960659555983,18.309326557068967,1.102322151845994,14.93849288906277,48.58951168124768,8.406322614518412,2.3711482074766757,1.813426291811058,14.971516520742737,2.2338340000825134,2.495269852098734,0.26581916950058343,0.6355353233553312,0.22248102817108306,1.8954839829359758,0.2995278986612175,65886.31049132638,44.400129154041025,2288222099.249834,65944.91535568071
